{"time": 5.383254051208496, "sen_pos": 0.0, "sen_neg": 0.0, "ref_pos": 178.21016171644084, "ref_neg": 54.671689459481314, "ctrl_pos": 0.8028643131256104, "ctrl_neg": 0.9473533630371094}