{"time": 17.281179189682007, "sen_pos": 213.5666046142578, "sen_neg": 19.815704345703125, "ref_pos": 101.325, "ref_neg": 101.325, "ctrl_pos": 1.0, "ctrl_neg": 1.0}