{"time": 0, "sen_pos": 213.5666046142578, "sen_neg": 19.815704345703125, "ref_pos": 190.0, "ref_neg": 20.0, "ctrl_pos": 1.4121206998825073, "ctrl_neg": 0.9201995134353638}