{"normalized_tf_num":[2.0055724128156318,0.28533713319187565,0.0071814935689147128],"normalized_tf_den":[1,2.0502165308859293,0.25209251450006093,0.0084217914283953848],"Q_num":[[0,3.1415926535897931]],"Q_den":[[1,3.1415926535897931]],"Q_freq":0.5,"normalized_invGxQ_num":[[3.1415926535897931,6.4409451916995861,0.79197199157836984,0.02645783808151243]],"normalized_invGxQ_den":[[2.0055724128156318,6.58602869153582,0.9035945350008836,0.022561327437904805]],"input_min":0.90100002288818359,"input_max":1,"output_min":11.227531433105469,"output_max":38.625785827636719}