{"normalized_tf_num":[0.34092596209282744,0.017805924962135729,3.6876555994660445E-5],"normalized_tf_den":[1,0.36386262677759812,0.018021274417412775,5.7822259621590281E-5],"Q_num":[[0,3.1415926535897931]],"Q_den":[[1,3.1415926535897931]],"Q_freq":0.5,"normalized_invGxQ_num":[[3.1415926535897931,1.143108155200387,0.056615503318069652,0.00018165398604114976]],"normalized_invGxQ_den":[[0.34092596209282744,1.0888564228909945,0.055975839607411385,0.0001158511174025179]],"input_min":0.89999997615814209,"input_max":1,"output_min":141.88404846191406,"output_max":333.10302734375}